estado,delito,anio,mes
Jalisco,Lesiones,2024,4
Yucatan,Robo,2023,8
Tabasco,Robo,2023,8
Veracruz,Extorsion,2021,4
CDMX,Fraude,2024,4
CDMX,Fraude,2022,7
Jalisco,Lesiones,2024,3
Jalisco,Robo,2025,3
Tabasco,Robo,2024,10
Veracruz,Homicidio,2023,6
Veracruz,Robo,2021,9
CDMX,Fraude,2021,1
Tabasco,Fraude,2024,1
Tabasco,Extorsion,2021,7
Yucatan,Extorsion,2023,11
Tabasco,Lesiones,2026,4
Yucatan,Robo,2020,8
Tabasco,Homicidio,2022,6
Veracruz,Homicidio,2021,4
Tabasco,Lesiones,2022,8
Tabasco,Homicidio,2026,8
Veracruz,Homicidio,2022,6
Jalisco,Fraude,2026,4
CDMX,Lesiones,2026,5
CDMX,Homicidio,2020,4
Veracruz,Robo,2023,5
Veracruz,Lesiones,2025,3
Yucatan,Lesiones,2023,5
Tabasco,Homicidio,2021,1
Veracruz,Extorsion,2023,5
Tabasco,Fraude,2024,7
Yucatan,Robo,2023,4
Jalisco,Extorsion,2025,12
CDMX,Extorsion,2023,3
Jalisco,Robo,2023,2
Tabasco,Robo,2023,3
CDMX,Lesiones,2026,1
Yucatan,Extorsion,2023,12
Jalisco,Homicidio,2022,7
Veracruz,Fraude,2022,8
Tabasco,Extorsion,2021,1
Yucatan,Homicidio,2020,2
CDMX,Extorsion,2022,8
Veracruz,Lesiones,2025,1
CDMX,Fraude,2026,9
Yucatan,Lesiones,2026,3
Tabasco,Lesiones,2024,6
Jalisco,Robo,2023,2
Tabasco,Homicidio,2022,5
CDMX,Homicidio,2023,11
Yucatan,Homicidio,2021,5
Veracruz,Fraude,2022,11
Tabasco,Fraude,2023,10
Veracruz,Homicidio,2025,1
Jalisco,Homicidio,2020,1
CDMX,Lesiones,2020,1
Veracruz,Lesiones,2020,5
Yucatan,Lesiones,2023,12
Tabasco,Homicidio,2020,6
Jalisco,Homicidio,2021,10
Yucatan,Lesiones,2025,1
Tabasco,Lesiones,2023,9
Yucatan,Lesiones,2026,1
CDMX,Homicidio,2026,5
Veracruz,Extorsion,2021,8
CDMX,Extorsion,2022,7
Tabasco,Fraude,2026,2
Tabasco,Lesiones,2023,2
Tabasco,Extorsion,2025,10
Veracruz,Homicidio,2023,8
Veracruz,Robo,2022,7
Yucatan,Extorsion,2023,12
Veracruz,Lesiones,2022,12
Tabasco,Robo,2021,5
Veracruz,Homicidio,2026,3
Veracruz,Robo,2024,10
CDMX,Homicidio,2021,3
Yucatan,Homicidio,2026,6
Tabasco,Fraude,2022,5
Tabasco,Robo,2020,4
Jalisco,Lesiones,2021,4
Tabasco,Robo,2021,10
Yucatan,Extorsion,2026,3
Yucatan,Robo,2022,5
Veracruz,Robo,2025,12
Yucatan,Robo,2021,10
Tabasco,Extorsion,2026,10
Veracruz,Lesiones,2020,2
Tabasco,Homicidio,2025,2
Jalisco,Lesiones,2022,5
Yucatan,Fraude,2020,4
Veracruz,Lesiones,2022,2
Tabasco,Extorsion,2022,11
Jalisco,Robo,2025,4
Veracruz,Extorsion,2024,11
Yucatan,Lesiones,2023,6
Veracruz,Lesiones,2025,10
Yucatan,Robo,2023,11
Jalisco,Fraude,2023,7
CDMX,Robo,2022,5
Jalisco,Fraude,2022,1
Yucatan,Extorsion,2021,1
Tabasco,Extorsion,2022,3
Veracruz,Fraude,2025,6
Yucatan,Lesiones,2022,10
Jalisco,Lesiones,2023,8
Veracruz,Homicidio,2023,7
Tabasco,Extorsion,2020,10
CDMX,Robo,2026,6
Tabasco,Lesiones,2023,5
Jalisco,Robo,2020,5
CDMX,Robo,2026,7
CDMX,Robo,2021,10
Jalisco,Lesiones,2020,9
Jalisco,Lesiones,2021,8
Jalisco,Robo,2020,1
Veracruz,Fraude,2020,9
Jalisco,Lesiones,2021,8
Jalisco,Extorsion,2022,3
Jalisco,Robo,2024,8
Tabasco,Lesiones,2026,6
Jalisco,Extorsion,2025,2
Tabasco,Extorsion,2023,12
Jalisco,Extorsion,2022,11
Yucatan,Lesiones,2022,6
CDMX,Fraude,2024,8
Veracruz,Robo,2025,12
Veracruz,Fraude,2026,7
CDMX,Fraude,2020,1
CDMX,Extorsion,2020,12
Veracruz,Lesiones,2026,4
Yucatan,Homicidio,2020,12
Veracruz,Lesiones,2025,8
Jalisco,Lesiones,2020,2
CDMX,Lesiones,2024,9
Tabasco,Homicidio,2025,9
Tabasco,Lesiones,2025,9
Tabasco,Robo,2026,10
Veracruz,Lesiones,2022,8
Tabasco,Extorsion,2024,2
Yucatan,Lesiones,2021,5
Yucatan,Robo,2025,3
Veracruz,Homicidio,2023,10
Veracruz,Extorsion,2021,11
Tabasco,Fraude,2022,2
CDMX,Fraude,2024,5
Yucatan,Fraude,2023,2
CDMX,Lesiones,2021,2
Veracruz,Lesiones,2021,7
Yucatan,Fraude,2026,2
Tabasco,Homicidio,2026,4
Tabasco,Extorsion,2026,9
CDMX,Extorsion,2021,7
Yucatan,Fraude,2022,4
CDMX,Homicidio,2026,9
Yucatan,Robo,2021,4
Jalisco,Extorsion,2023,7
Veracruz,Homicidio,2020,2
Tabasco,Fraude,2024,6
Yucatan,Lesiones,2023,10
Veracruz,Homicidio,2023,2
CDMX,Fraude,2026,6
Veracruz,Fraude,2025,2
CDMX,Robo,2026,11
Yucatan,Extorsion,2020,9
Yucatan,Fraude,2020,7
CDMX,Fraude,2022,7
Tabasco,Robo,2020,12
CDMX,Extorsion,2026,6
Tabasco,Robo,2021,6
CDMX,Lesiones,2022,2
Veracruz,Fraude,2025,9
CDMX,Lesiones,2022,6
Jalisco,Extorsion,2022,9
Jalisco,Homicidio,2020,11
Yucatan,Extorsion,2025,7
CDMX,Lesiones,2025,11
Tabasco,Robo,2022,8
Veracruz,Lesiones,2026,8
Veracruz,Homicidio,2021,10
Yucatan,Lesiones,2022,2
CDMX,Extorsion,2026,8
Tabasco,Robo,2024,12
Veracruz,Lesiones,2024,3
Veracruz,Extorsion,2026,11
CDMX,Robo,2020,8
Yucatan,Lesiones,2022,3
Yucatan,Lesiones,2024,2
CDMX,Fraude,2022,12
Tabasco,Fraude,2021,12
Tabasco,Robo,2026,8
CDMX,Homicidio,2020,7
Jalisco,Lesiones,2020,10
CDMX,Homicidio,2020,6
Jalisco,Lesiones,2022,5
Veracruz,Fraude,2022,5
CDMX,Homicidio,2024,9
CDMX,Lesiones,2025,10
Veracruz,Extorsion,2022,6
Yucatan,Robo,2025,9
Jalisco,Fraude,2023,11
CDMX,Extorsion,2020,3
Tabasco,Robo,2020,4
Veracruz,Homicidio,2024,7
Veracruz,Homicidio,2026,12
Yucatan,Homicidio,2026,8
Jalisco,Lesiones,2022,7
Veracruz,Lesiones,2025,11
Tabasco,Fraude,2023,2
Yucatan,Fraude,2022,2
Jalisco,Homicidio,2022,11
Jalisco,Fraude,2023,11
Jalisco,Extorsion,2020,11
Yucatan,Robo,2020,11
Yucatan,Homicidio,2020,2
Tabasco,Robo,2024,5
Veracruz,Extorsion,2021,4
Veracruz,Homicidio,2023,5
Tabasco,Extorsion,2023,1
Veracruz,Fraude,2023,4
Jalisco,Fraude,2026,9
Jalisco,Extorsion,2020,11
CDMX,Homicidio,2026,10
Veracruz,Fraude,2025,4
CDMX,Fraude,2025,11
Jalisco,Homicidio,2024,7
Yucatan,Robo,2023,3
Jalisco,Fraude,2023,6
Tabasco,Lesiones,2026,6
CDMX,Robo,2023,2
Tabasco,Lesiones,2020,8
Veracruz,Fraude,2025,8
Veracruz,Robo,2023,10
Yucatan,Extorsion,2023,9
Veracruz,Extorsion,2025,9
Veracruz,Extorsion,2023,8
Tabasco,Lesiones,2021,7
Jalisco,Lesiones,2023,11
CDMX,Robo,2024,6
Jalisco,Lesiones,2020,4
CDMX,Extorsion,2026,7
Tabasco,Lesiones,2023,12
Tabasco,Homicidio,2023,12
Yucatan,Extorsion,2026,11
Yucatan,Robo,2020,7
Yucatan,Homicidio,2025,8
Tabasco,Lesiones,2024,3
Yucatan,Fraude,2021,4
Jalisco,Fraude,2020,9
Yucatan,Robo,2022,11
CDMX,Robo,2020,1
Yucatan,Lesiones,2021,5
Jalisco,Homicidio,2026,11
Tabasco,Fraude,2024,9
CDMX,Homicidio,2025,3
CDMX,Lesiones,2020,7
Yucatan,Fraude,2026,8
CDMX,Robo,2020,7
Tabasco,Fraude,2024,2
Tabasco,Fraude,2023,7
Yucatan,Lesiones,2021,12
Yucatan,Extorsion,2024,3
Tabasco,Fraude,2024,3
Veracruz,Lesiones,2021,9
Yucatan,Lesiones,2026,9
Jalisco,Fraude,2025,4
Veracruz,Fraude,2024,2
CDMX,Extorsion,2023,8
Veracruz,Homicidio,2020,6
Yucatan,Fraude,2021,11
Tabasco,Robo,2026,6
Yucatan,Fraude,2024,8
Yucatan,Lesiones,2020,11
Veracruz,Extorsion,2020,5
Tabasco,Homicidio,2024,10
Yucatan,Lesiones,2022,2
Tabasco,Homicidio,2022,2
CDMX,Fraude,2023,11
Tabasco,Fraude,2023,10
CDMX,Fraude,2025,1
Jalisco,Homicidio,2026,4
Jalisco,Extorsion,2025,7
Jalisco,Extorsion,2023,2
Tabasco,Fraude,2023,3
Veracruz,Fraude,2023,7
CDMX,Robo,2025,12
Veracruz,Fraude,2021,1
Veracruz,Lesiones,2022,10
Yucatan,Robo,2021,9
Jalisco,Fraude,2020,11
Yucatan,Extorsion,2022,6
Jalisco,Extorsion,2022,8
CDMX,Lesiones,2020,5
Veracruz,Robo,2020,7
Yucatan,Robo,2020,8
Tabasco,Extorsion,2020,7
Veracruz,Extorsion,2023,3
Yucatan,Robo,2020,1
Yucatan,Extorsion,2023,3
Yucatan,Lesiones,2021,7
Tabasco,Fraude,2021,10
Yucatan,Robo,2023,6
Jalisco,Homicidio,2022,1
CDMX,Fraude,2023,2
Tabasco,Robo,2020,3
Tabasco,Homicidio,2026,7
Veracruz,Fraude,2024,9
Veracruz,Homicidio,2023,2
Veracruz,Fraude,2021,2
CDMX,Fraude,2023,10
Tabasco,Extorsion,2025,8
Yucatan,Extorsion,2023,10
Jalisco,Extorsion,2025,3
Yucatan,Extorsion,2025,5
Yucatan,Homicidio,2021,6
CDMX,Robo,2025,1
Veracruz,Lesiones,2023,9
CDMX,Extorsion,2020,12
Tabasco,Extorsion,2026,9
CDMX,Fraude,2023,3
Jalisco,Homicidio,2023,11
Veracruz,Fraude,2024,3
CDMX,Lesiones,2025,4
Veracruz,Robo,2021,4
CDMX,Robo,2022,1
Tabasco,Lesiones,2024,8
Veracruz,Fraude,2021,10
Jalisco,Extorsion,2025,2
Yucatan,Robo,2021,6
Veracruz,Homicidio,2020,5
Jalisco,Homicidio,2022,2
CDMX,Homicidio,2022,6
Veracruz,Robo,2024,8
Tabasco,Homicidio,2020,4
Yucatan,Lesiones,2022,4
CDMX,Lesiones,2022,4
CDMX,Extorsion,2021,5
Veracruz,Lesiones,2023,9
Veracruz,Fraude,2024,1
Jalisco,Homicidio,2021,8
Jalisco,Robo,2023,12
Tabasco,Extorsion,2025,9
Veracruz,Lesiones,2025,11
Jalisco,Fraude,2022,3
Veracruz,Extorsion,2025,5
Jalisco,Robo,2025,12
Veracruz,Fraude,2022,4
Veracruz,Lesiones,2020,5
Tabasco,Extorsion,2020,9
Veracruz,Lesiones,2024,3
Tabasco,Fraude,2024,9
Jalisco,Homicidio,2024,1
Veracruz,Homicidio,2026,6
Veracruz,Fraude,2022,6
Veracruz,Fraude,2020,1
Jalisco,Lesiones,2025,9
Veracruz,Lesiones,2026,1
Tabasco,Homicidio,2026,3
Veracruz,Homicidio,2026,8
Veracruz,Fraude,2025,3
Veracruz,Lesiones,2026,10
Yucatan,Fraude,2022,5
Tabasco,Homicidio,2024,10
CDMX,Lesiones,2020,6
CDMX,Robo,2023,3
Yucatan,Fraude,2020,12
CDMX,Homicidio,2021,5
Jalisco,Extorsion,2020,7
Yucatan,Robo,2023,11
Tabasco,Robo,2024,1
Tabasco,Robo,2026,5
Veracruz,Homicidio,2026,8
Yucatan,Fraude,2026,4
Veracruz,Lesiones,2021,11
Jalisco,Homicidio,2021,6
CDMX,Robo,2026,9
Tabasco,Fraude,2024,8
Jalisco,Fraude,2020,4
Jalisco,Extorsion,2023,6
Veracruz,Lesiones,2022,6
Veracruz,Lesiones,2022,1
Veracruz,Homicidio,2026,12
CDMX,Lesiones,2025,12
CDMX,Fraude,2022,2
Yucatan,Robo,2025,6
Yucatan,Fraude,2021,5
CDMX,Fraude,2025,4
Tabasco,Homicidio,2025,4
CDMX,Robo,2020,5
Jalisco,Fraude,2026,9
Yucatan,Fraude,2020,2
Jalisco,Robo,2024,11
CDMX,Extorsion,2026,11
Tabasco,Fraude,2025,4
Yucatan,Extorsion,2023,8
Tabasco,Fraude,2020,2
Yucatan,Homicidio,2020,10
CDMX,Fraude,2022,12
CDMX,Lesiones,2020,8
CDMX,Homicidio,2022,9
Yucatan,Extorsion,2021,12
Veracruz,Fraude,2022,9
Jalisco,Lesiones,2023,5
Veracruz,Fraude,2022,4
Veracruz,Fraude,2021,10
Jalisco,Fraude,2024,7
Tabasco,Extorsion,2024,10
Tabasco,Robo,2025,5
Yucatan,Homicidio,2024,2
Veracruz,Extorsion,2020,7
CDMX,Extorsion,2022,1
Yucatan,Extorsion,2023,8
Yucatan,Homicidio,2023,12
CDMX,Robo,2026,8
Jalisco,Robo,2025,6
Yucatan,Robo,2022,3
Yucatan,Fraude,2026,6
Veracruz,Robo,2020,4
Veracruz,Extorsion,2020,2
Tabasco,Robo,2026,11
CDMX,Robo,2026,12
Jalisco,Homicidio,2023,8
Jalisco,Homicidio,2020,2
Jalisco,Homicidio,2025,4
Tabasco,Lesiones,2022,10
Yucatan,Lesiones,2024,11
Yucatan,Fraude,2021,2
Jalisco,Robo,2026,7
Jalisco,Extorsion,2023,11
Veracruz,Homicidio,2026,1
Veracruz,Extorsion,2025,12
Tabasco,Fraude,2024,5
CDMX,Robo,2023,3
Tabasco,Lesiones,2026,8
Tabasco,Fraude,2020,8
CDMX,Robo,2021,12
Jalisco,Homicidio,2023,12
CDMX,Fraude,2020,12
CDMX,Extorsion,2022,10
Jalisco,Lesiones,2020,5
Yucatan,Homicidio,2022,6
Tabasco,Robo,2026,4
Veracruz,Lesiones,2020,6
Jalisco,Lesiones,2021,2
CDMX,Fraude,2025,3
Yucatan,Fraude,2025,3
Yucatan,Fraude,2022,8
Jalisco,Fraude,2021,8
Veracruz,Lesiones,2026,11
CDMX,Homicidio,2023,9
Veracruz,Homicidio,2020,7
CDMX,Lesiones,2021,7
CDMX,Lesiones,2024,11
Tabasco,Extorsion,2020,11
Yucatan,Extorsion,2021,1
CDMX,Extorsion,2023,3
Veracruz,Lesiones,2023,6
Tabasco,Homicidio,2023,8
Yucatan,Lesiones,2024,9
Tabasco,Fraude,2025,11
CDMX,Lesiones,2026,6
Jalisco,Extorsion,2024,6
Jalisco,Robo,2025,12
Tabasco,Robo,2026,2
Yucatan,Fraude,2025,7
Veracruz,Fraude,2021,10
Jalisco,Fraude,2021,11
Yucatan,Extorsion,2024,5
Veracruz,Homicidio,2021,1
Veracruz,Robo,2024,6
Veracruz,Extorsion,2020,11
CDMX,Homicidio,2022,8
Tabasco,Fraude,2023,1
CDMX,Extorsion,2024,10
Tabasco,Lesiones,2026,7
CDMX,Extorsion,2024,8
CDMX,Robo,2026,7
CDMX,Robo,2020,9
CDMX,Lesiones,2024,3
CDMX,Robo,2020,7
Veracruz,Fraude,2021,5
Veracruz,Extorsion,2024,6
Veracruz,Homicidio,2022,6
CDMX,Homicidio,2026,4
Jalisco,Fraude,2023,9
CDMX,Fraude,2020,7
Tabasco,Fraude,2022,9
Veracruz,Lesiones,2020,6
Jalisco,Fraude,2026,9
Jalisco,Fraude,2023,11
Jalisco,Homicidio,2022,8
Tabasco,Homicidio,2023,11
Yucatan,Extorsion,2025,7
Yucatan,Homicidio,2026,6
Yucatan,Fraude,2022,6
Jalisco,Robo,2021,6
Jalisco,Lesiones,2025,9
Yucatan,Fraude,2025,8
Jalisco,Fraude,2026,1
Tabasco,Robo,2022,1
Yucatan,Fraude,2025,1
Veracruz,Extorsion,2026,11
Veracruz,Homicidio,2026,12
Yucatan,Lesiones,2025,7
Veracruz,Robo,2024,8
Veracruz,Lesiones,2026,2
Jalisco,Robo,2023,11
Yucatan,Homicidio,2024,10
CDMX,Robo,2026,9
Veracruz,Robo,2023,9
Veracruz,Extorsion,2026,6
Yucatan,Robo,2023,2
Jalisco,Lesiones,2020,2
CDMX,Lesiones,2020,4
Jalisco,Robo,2026,5
CDMX,Extorsion,2020,8
Yucatan,Lesiones,2026,9
CDMX,Lesiones,2021,11
CDMX,Robo,2023,1
Jalisco,Lesiones,2021,12
Tabasco,Robo,2025,6
Tabasco,Fraude,2020,11
CDMX,Robo,2026,6
CDMX,Lesiones,2026,9
Yucatan,Lesiones,2022,12
Tabasco,Fraude,2024,6
Tabasco,Fraude,2024,10
Veracruz,Robo,2023,9
CDMX,Lesiones,2026,6
Tabasco,Fraude,2020,11
CDMX,Robo,2022,12
CDMX,Extorsion,2020,9
Jalisco,Robo,2025,2
Tabasco,Robo,2023,7
Yucatan,Homicidio,2026,10
Jalisco,Homicidio,2022,3
Veracruz,Fraude,2023,9
Yucatan,Lesiones,2020,6
Veracruz,Lesiones,2022,4
Yucatan,Fraude,2022,10
Yucatan,Homicidio,2026,3
Tabasco,Fraude,2022,8
Jalisco,Fraude,2020,10
Yucatan,Robo,2021,12
Yucatan,Lesiones,2025,4
Yucatan,Homicidio,2021,11
Jalisco,Extorsion,2021,4
CDMX,Fraude,2023,6
Jalisco,Homicidio,2026,9
Tabasco,Homicidio,2023,4
Veracruz,Homicidio,2025,2
Jalisco,Fraude,2024,4
Veracruz,Fraude,2025,8
Veracruz,Fraude,2026,6
Tabasco,Homicidio,2025,8
Yucatan,Robo,2025,6
Jalisco,Homicidio,2025,2
Tabasco,Fraude,2026,2
Yucatan,Lesiones,2026,6
Veracruz,Lesiones,2024,10
Veracruz,Robo,2023,10
Yucatan,Fraude,2023,4
CDMX,Robo,2025,9
Jalisco,Homicidio,2025,10
Tabasco,Extorsion,2020,1
Yucatan,Extorsion,2022,7
CDMX,Fraude,2020,9
Jalisco,Extorsion,2024,10
Yucatan,Fraude,2022,3
Jalisco,Fraude,2020,2
Tabasco,Fraude,2023,4
Tabasco,Fraude,2026,6
CDMX,Fraude,2021,9
Veracruz,Extorsion,2024,5
Yucatan,Extorsion,2025,9
Tabasco,Fraude,2023,3
CDMX,Fraude,2024,11
CDMX,Lesiones,2026,5
CDMX,Lesiones,2022,5
Jalisco,Fraude,2021,11
CDMX,Fraude,2022,1
CDMX,Extorsion,2025,1
Jalisco,Robo,2020,11
Veracruz,Fraude,2020,5
Veracruz,Homicidio,2025,1
Tabasco,Lesiones,2024,8
Tabasco,Lesiones,2023,11
Jalisco,Robo,2020,12
Jalisco,Fraude,2026,6
Veracruz,Lesiones,2023,12
CDMX,Fraude,2021,3
Tabasco,Lesiones,2020,2
CDMX,Lesiones,2023,4
CDMX,Extorsion,2023,5
Yucatan,Lesiones,2021,5
Jalisco,Robo,2021,12
CDMX,Lesiones,2024,11
Jalisco,Robo,2020,1
Veracruz,Lesiones,2026,3
Yucatan,Lesiones,2024,5
Veracruz,Lesiones,2024,9
Veracruz,Robo,2025,7
Yucatan,Robo,2023,1
Jalisco,Lesiones,2026,1
CDMX,Homicidio,2023,2
Yucatan,Robo,2022,2
Tabasco,Extorsion,2023,4
CDMX,Homicidio,2021,4
Veracruz,Lesiones,2023,9
Tabasco,Fraude,2022,10
Tabasco,Robo,2022,7
Yucatan,Homicidio,2021,9
Tabasco,Lesiones,2021,12
Jalisco,Fraude,2026,4
CDMX,Lesiones,2024,1
Veracruz,Homicidio,2021,10
Jalisco,Homicidio,2020,3
Jalisco,Robo,2024,10
Yucatan,Lesiones,2023,8
Veracruz,Extorsion,2024,10
CDMX,Extorsion,2022,4
CDMX,Lesiones,2025,4
Tabasco,Lesiones,2024,5
Tabasco,Lesiones,2024,8
CDMX,Robo,2024,8
Tabasco,Homicidio,2023,11
Tabasco,Extorsion,2025,10
Tabasco,Fraude,2026,10
CDMX,Homicidio,2021,1
CDMX,Fraude,2026,12
Jalisco,Robo,2022,1
Tabasco,Robo,2024,3
CDMX,Lesiones,2025,5
Yucatan,Homicidio,2023,9
CDMX,Lesiones,2024,5
Veracruz,Homicidio,2022,9
Veracruz,Lesiones,2023,5
Tabasco,Extorsion,2024,10
Veracruz,Lesiones,2025,7
Tabasco,Fraude,2021,1
Jalisco,Lesiones,2023,3
Veracruz,Fraude,2025,4
Veracruz,Homicidio,2026,11
CDMX,Extorsion,2023,2
Tabasco,Extorsion,2022,10
Tabasco,Homicidio,2026,8
Veracruz,Robo,2023,9
Jalisco,Extorsion,2022,11
Veracruz,Homicidio,2023,7
Jalisco,Fraude,2026,6
CDMX,Homicidio,2024,1
Veracruz,Extorsion,2020,1
Jalisco,Extorsion,2023,4
CDMX,Extorsion,2022,5
Jalisco,Lesiones,2020,10
CDMX,Extorsion,2022,1
Veracruz,Extorsion,2024,2
Yucatan,Lesiones,2025,11
Jalisco,Extorsion,2024,9
Jalisco,Robo,2021,4
Veracruz,Fraude,2025,1
Jalisco,Homicidio,2024,3
Veracruz,Homicidio,2023,12
Yucatan,Extorsion,2025,1
Yucatan,Fraude,2024,10
CDMX,Robo,2020,6
Tabasco,Fraude,2020,12
Jalisco,Fraude,2025,11
CDMX,Fraude,2025,5
Veracruz,Extorsion,2021,6
Jalisco,Homicidio,2020,3
Jalisco,Homicidio,2024,6
Jalisco,Fraude,2022,6
Tabasco,Homicidio,2025,2
Veracruz,Fraude,2025,12
Jalisco,Lesiones,2022,10
Tabasco,Homicidio,2026,4
Veracruz,Fraude,2021,1
Veracruz,Robo,2022,10
CDMX,Homicidio,2024,5
Yucatan,Robo,2024,11
Yucatan,Robo,2021,11
Veracruz,Extorsion,2024,10
Yucatan,Extorsion,2026,12
Veracruz,Robo,2020,7
Veracruz,Fraude,2020,11
Veracruz,Extorsion,2026,5
Jalisco,Fraude,2026,7
Jalisco,Lesiones,2021,6
Yucatan,Lesiones,2020,5
Veracruz,Fraude,2023,10
Jalisco,Lesiones,2025,9
Yucatan,Robo,2024,4
Tabasco,Homicidio,2023,11
CDMX,Homicidio,2021,3
Tabasco,Fraude,2024,8
Tabasco,Homicidio,2021,3
Tabasco,Extorsion,2020,11
Tabasco,Lesiones,2026,1
Yucatan,Lesiones,2020,12
Tabasco,Robo,2022,7
Jalisco,Robo,2023,6
Jalisco,Homicidio,2024,8
CDMX,Extorsion,2021,10
CDMX,Robo,2020,5
Yucatan,Fraude,2023,3
CDMX,Lesiones,2024,7
Yucatan,Fraude,2026,12
Veracruz,Homicidio,2024,6
Tabasco,Lesiones,2023,2
CDMX,Fraude,2024,2
CDMX,Robo,2025,11
Tabasco,Fraude,2021,1
Yucatan,Robo,2025,4
Jalisco,Fraude,2026,6
Veracruz,Lesiones,2021,1
Tabasco,Lesiones,2022,3
CDMX,Robo,2023,10
Veracruz,Robo,2022,9
Tabasco,Lesiones,2021,7
Jalisco,Robo,2022,9
Yucatan,Extorsion,2022,12
Yucatan,Homicidio,2022,5
Yucatan,Homicidio,2024,8
CDMX,Fraude,2024,3
Jalisco,Lesiones,2022,6
Jalisco,Lesiones,2023,9
Tabasco,Fraude,2020,5
Jalisco,Fraude,2024,12
CDMX,Fraude,2025,6
Tabasco,Fraude,2026,5
Jalisco,Homicidio,2020,2
Tabasco,Homicidio,2023,2
Veracruz,Lesiones,2022,6
Yucatan,Robo,2020,2
Yucatan,Homicidio,2022,4
Tabasco,Fraude,2022,3
Yucatan,Fraude,2023,6
Tabasco,Robo,2025,5
Yucatan,Robo,2023,4
CDMX,Homicidio,2023,7
Tabasco,Lesiones,2021,11
Jalisco,Fraude,2021,3
Veracruz,Extorsion,2023,8
Yucatan,Lesiones,2021,4
Veracruz,Homicidio,2022,7
Veracruz,Fraude,2022,2
CDMX,Robo,2026,12
Veracruz,Extorsion,2024,10
Yucatan,Extorsion,2025,12
CDMX,Lesiones,2020,11
CDMX,Extorsion,2023,7
Yucatan,Extorsion,2022,10
Yucatan,Lesiones,2026,2
Veracruz,Homicidio,2022,10
Veracruz,Robo,2026,12
Tabasco,Extorsion,2023,8
CDMX,Lesiones,2024,3
Veracruz,Robo,2020,7
Jalisco,Homicidio,2021,12
Tabasco,Fraude,2022,10
Veracruz,Homicidio,2023,9
Veracruz,Extorsion,2026,4
Yucatan,Homicidio,2021,1
Jalisco,Lesiones,2025,5
Veracruz,Extorsion,2023,12
Jalisco,Homicidio,2021,7
Veracruz,Homicidio,2021,5
Yucatan,Robo,2025,4
Tabasco,Robo,2020,4
Yucatan,Extorsion,2025,11
Veracruz,Homicidio,2024,8
Tabasco,Extorsion,2024,10
Jalisco,Homicidio,2020,10
Veracruz,Lesiones,2022,10
Yucatan,Lesiones,2026,2
CDMX,Robo,2022,10
Veracruz,Robo,2025,1
Veracruz,Lesiones,2024,5
Jalisco,Extorsion,2023,2
Veracruz,Robo,2022,7
Jalisco,Lesiones,2026,10
Yucatan,Homicidio,2020,4
Veracruz,Fraude,2025,3
Veracruz,Fraude,2021,5
Veracruz,Extorsion,2021,8
CDMX,Lesiones,2020,4
Yucatan,Extorsion,2023,8
Yucatan,Lesiones,2026,2
Yucatan,Lesiones,2025,10
Yucatan,Fraude,2025,9
CDMX,Robo,2024,6
Jalisco,Fraude,2026,6
Jalisco,Robo,2021,5
Veracruz,Fraude,2026,4
Jalisco,Fraude,2023,3
Tabasco,Extorsion,2026,8
Tabasco,Extorsion,2025,9
CDMX,Homicidio,2020,7
Yucatan,Homicidio,2022,12
Veracruz,Robo,2024,4
Jalisco,Fraude,2021,3
CDMX,Homicidio,2023,2
Jalisco,Robo,2025,5
Tabasco,Extorsion,2024,12
Yucatan,Homicidio,2026,11
Yucatan,Fraude,2026,10
CDMX,Homicidio,2026,7
CDMX,Extorsion,2023,11
Jalisco,Lesiones,2023,7
CDMX,Fraude,2023,7
Yucatan,Homicidio,2023,3
CDMX,Extorsion,2025,8
Tabasco,Lesiones,2021,6
Veracruz,Lesiones,2023,10
CDMX,Robo,2024,8
Yucatan,Homicidio,2020,1
Yucatan,Extorsion,2025,2
CDMX,Homicidio,2024,6
Yucatan,Lesiones,2023,11
Jalisco,Homicidio,2025,11
Yucatan,Fraude,2024,10
Jalisco,Homicidio,2023,3
Yucatan,Homicidio,2026,2
CDMX,Extorsion,2023,6
Yucatan,Extorsion,2020,2
Yucatan,Fraude,2022,2
Tabasco,Lesiones,2026,8
CDMX,Homicidio,2022,4
Veracruz,Homicidio,2024,2
Jalisco,Homicidio,2025,7
Yucatan,Fraude,2023,5
Veracruz,Lesiones,2025,9
Veracruz,Robo,2025,9
Jalisco,Robo,2021,2
Veracruz,Lesiones,2024,1
Veracruz,Fraude,2020,7
Yucatan,Homicidio,2025,6
Jalisco,Extorsion,2023,11
Jalisco,Fraude,2020,10
CDMX,Robo,2022,2
Jalisco,Lesiones,2023,9
Veracruz,Robo,2021,10
Tabasco,Lesiones,2026,3
Veracruz,Lesiones,2025,6
Jalisco,Lesiones,2024,9
Tabasco,Lesiones,2021,2
Tabasco,Homicidio,2020,12
Yucatan,Extorsion,2023,2
Jalisco,Homicidio,2020,9
CDMX,Robo,2021,7
Veracruz,Lesiones,2021,4
Tabasco,Robo,2026,10
CDMX,Robo,2025,7
Yucatan,Fraude,2022,4
Tabasco,Extorsion,2022,1
Tabasco,Lesiones,2024,11
Yucatan,Homicidio,2022,12
CDMX,Extorsion,2026,3
Yucatan,Fraude,2024,8
CDMX,Extorsion,2026,7
CDMX,Extorsion,2025,1
Yucatan,Homicidio,2025,9
CDMX,Lesiones,2023,5
Veracruz,Fraude,2023,6
CDMX,Homicidio,2026,9
CDMX,Robo,2020,8
Yucatan,Extorsion,2020,5
Tabasco,Robo,2026,12
CDMX,Extorsion,2024,8
Veracruz,Homicidio,2023,12
Tabasco,Homicidio,2022,2
Yucatan,Extorsion,2020,11
Yucatan,Extorsion,2020,3
Veracruz,Lesiones,2024,9
Yucatan,Fraude,2024,6
CDMX,Lesiones,2024,2
Veracruz,Extorsion,2022,4
Tabasco,Fraude,2021,6
Yucatan,Fraude,2022,5
Tabasco,Fraude,2020,5
Yucatan,Lesiones,2021,12
Tabasco,Homicidio,2021,4
Yucatan,Fraude,2020,2
CDMX,Robo,2024,11
CDMX,Extorsion,2024,9
Yucatan,Homicidio,2020,3
Tabasco,Robo,2025,11
CDMX,Fraude,2023,8
Jalisco,Lesiones,2023,5
Veracruz,Lesiones,2026,3
Yucatan,Robo,2023,3
Tabasco,Robo,2020,12
CDMX,Fraude,2021,4
Yucatan,Homicidio,2026,4
Veracruz,Fraude,2023,3
Tabasco,Lesiones,2025,7
Yucatan,Fraude,2023,11
Yucatan,Robo,2025,12
Tabasco,Extorsion,2022,2
Veracruz,Lesiones,2024,3
CDMX,Lesiones,2024,12
Veracruz,Lesiones,2024,3
Yucatan,Homicidio,2022,2
Jalisco,Fraude,2025,5
Yucatan,Fraude,2026,5
Jalisco,Fraude,2026,4
Jalisco,Robo,2022,10
Yucatan,Homicidio,2022,6
Jalisco,Fraude,2026,11
CDMX,Homicidio,2025,6
CDMX,Extorsion,2025,11
Veracruz,Robo,2024,10
Jalisco,Extorsion,2022,8
Veracruz,Fraude,2022,2
CDMX,Extorsion,2021,4
Tabasco,Robo,2023,9
Veracruz,Fraude,2022,9
Veracruz,Lesiones,2022,7
Veracruz,Homicidio,2023,1
Jalisco,Lesiones,2020,12
Veracruz,Fraude,2021,9
Veracruz,Lesiones,2023,7
Veracruz,Extorsion,2023,5
Veracruz,Robo,2021,12
Yucatan,Homicidio,2026,11
Yucatan,Fraude,2026,6
Yucatan,Extorsion,2021,6
CDMX,Lesiones,2021,11
Yucatan,Robo,2020,9
Veracruz,Fraude,2023,6
Yucatan,Fraude,2023,6
CDMX,Homicidio,2024,10
CDMX,Fraude,2021,4
Jalisco,Extorsion,2021,7
Veracruz,Fraude,2020,12
CDMX,Homicidio,2022,9
Yucatan,Robo,2022,9
Yucatan,Homicidio,2023,3
CDMX,Lesiones,2022,7
Jalisco,Robo,2024,6
Veracruz,Lesiones,2022,2
CDMX,Robo,2024,12
Yucatan,Robo,2025,3
CDMX,Robo,2025,5
Tabasco,Fraude,2020,9
Yucatan,Homicidio,2022,4
Jalisco,Robo,2020,6
Veracruz,Extorsion,2022,7
Tabasco,Fraude,2025,7
Yucatan,Robo,2022,12
Yucatan,Extorsion,2026,6
Tabasco,Robo,2026,2
Veracruz,Fraude,2024,10
Tabasco,Homicidio,2020,6
CDMX,Fraude,2025,10
CDMX,Lesiones,2021,3
Jalisco,Fraude,2023,5
Tabasco,Extorsion,2024,9
Jalisco,Fraude,2021,4
CDMX,Robo,2022,9
Veracruz,Homicidio,2024,8
Tabasco,Extorsion,2024,9
Jalisco,Robo,2022,4
Yucatan,Extorsion,2024,6
Tabasco,Extorsion,2023,2
CDMX,Robo,2022,2
Tabasco,Fraude,2024,12
Yucatan,Robo,2024,1
Veracruz,Fraude,2026,7
CDMX,Lesiones,2025,9
Jalisco,Fraude,2021,3
CDMX,Homicidio,2026,4
Veracruz,Homicidio,2025,12
Veracruz,Lesiones,2025,6
Jalisco,Homicidio,2023,12
Tabasco,Fraude,2021,11
Jalisco,Extorsion,2024,3
CDMX,Robo,2023,12
Jalisco,Lesiones,2021,1
CDMX,Homicidio,2026,3
Jalisco,Lesiones,2026,7
Tabasco,Lesiones,2020,1
Jalisco,Lesiones,2021,4
Veracruz,Extorsion,2026,5
Veracruz,Robo,2025,10
Yucatan,Robo,2022,7
CDMX,Homicidio,2024,3
Tabasco,Robo,2021,6
Jalisco,Homicidio,2026,10
Tabasco,Homicidio,2022,8
Veracruz,Homicidio,2024,3
Jalisco,Robo,2021,7
Veracruz,Fraude,2024,7
Tabasco,Homicidio,2022,8
Veracruz,Robo,2020,9
Tabasco,Extorsion,2023,11
Yucatan,Extorsion,2025,3
Jalisco,Robo,2021,2
CDMX,Homicidio,2023,3
Tabasco,Extorsion,2022,6
Yucatan,Extorsion,2026,7
CDMX,Robo,2020,11
Tabasco,Fraude,2020,1
Tabasco,Robo,2023,5
Jalisco,Lesiones,2023,8
CDMX,Lesiones,2021,10
CDMX,Lesiones,2025,5
CDMX,Homicidio,2024,7
Veracruz,Homicidio,2021,5
CDMX,Lesiones,2024,9
Jalisco,Lesiones,2025,6
Yucatan,Fraude,2020,10
Jalisco,Homicidio,2026,5
CDMX,Homicidio,2026,5
Tabasco,Lesiones,2021,9
CDMX,Robo,2022,7
Yucatan,Robo,2025,8
Jalisco,Homicidio,2025,7
Jalisco,Fraude,2022,7
CDMX,Extorsion,2021,4
Jalisco,Extorsion,2024,9
Veracruz,Fraude,2020,7
Jalisco,Lesiones,2025,3
Jalisco,Robo,2020,8
Yucatan,Lesiones,2021,7
Tabasco,Robo,2025,7
Veracruz,Robo,2021,8
Veracruz,Lesiones,2024,8
Yucatan,Homicidio,2020,5
Veracruz,Lesiones,2021,8
CDMX,Homicidio,2023,8
Veracruz,Lesiones,2020,2
CDMX,Extorsion,2025,3
Jalisco,Homicidio,2020,2
Tabasco,Homicidio,2021,11
Veracruz,Robo,2025,9
Yucatan,Lesiones,2022,5
Yucatan,Extorsion,2021,10
Yucatan,Robo,2026,9
Veracruz,Homicidio,2025,11
Tabasco,Fraude,2023,12
Yucatan,Robo,2022,9
CDMX,Robo,2023,7
Veracruz,Fraude,2026,12
CDMX,Extorsion,2022,3
Yucatan,Robo,2023,12
CDMX,Extorsion,2020,5
Jalisco,Robo,2024,5
Jalisco,Fraude,2020,6
Yucatan,Homicidio,2021,12
Tabasco,Extorsion,2026,4
Veracruz,Lesiones,2025,11
Veracruz,Extorsion,2024,4
Tabasco,Extorsion,2021,2
Yucatan,Homicidio,2023,10
Veracruz,Fraude,2026,4
Jalisco,Robo,2025,3
CDMX,Robo,2020,2
Tabasco,Extorsion,2021,11
Veracruz,Fraude,2026,8
CDMX,Robo,2025,12
Tabasco,Lesiones,2024,12
Tabasco,Lesiones,2021,10
Yucatan,Robo,2026,1
Veracruz,Fraude,2022,1
Tabasco,Fraude,2023,7
Tabasco,Robo,2020,3
Veracruz,Homicidio,2021,5
Jalisco,Fraude,2025,3
CDMX,Extorsion,2025,3
Veracruz,Homicidio,2026,7
Tabasco,Fraude,2023,1
CDMX,Extorsion,2022,10
Jalisco,Fraude,2021,6
Tabasco,Robo,2024,11
CDMX,Homicidio,2020,4
Jalisco,Fraude,2026,7
Tabasco,Lesiones,2025,6
Veracruz,Extorsion,2022,8
Veracruz,Fraude,2020,11
Tabasco,Robo,2024,2
Tabasco,Robo,2022,5
Jalisco,Robo,2022,7
Tabasco,Fraude,2023,8
Veracruz,Extorsion,2020,12
Yucatan,Robo,2023,12
Yucatan,Extorsion,2023,5
Yucatan,Lesiones,2024,9
Tabasco,Fraude,2025,7
Tabasco,Robo,2022,8
Jalisco,Fraude,2023,8
Veracruz,Robo,2024,8
Jalisco,Robo,2020,4
CDMX,Lesiones,2024,3
Veracruz,Robo,2022,3
Yucatan,Robo,2025,3
Tabasco,Fraude,2026,12
Tabasco,Fraude,2024,7
Veracruz,Robo,2020,7
Tabasco,Lesiones,2026,10
Veracruz,Homicidio,2026,3
Jalisco,Robo,2020,9
Tabasco,Robo,2023,6
CDMX,Robo,2022,1
CDMX,Extorsion,2025,11
Yucatan,Extorsion,2022,12
CDMX,Homicidio,2022,4
Veracruz,Extorsion,2024,7
Yucatan,Lesiones,2021,4
Veracruz,Lesiones,2020,11
Veracruz,Robo,2024,7
Jalisco,Homicidio,2026,4
Yucatan,Fraude,2026,3
Yucatan,Fraude,2023,11
Yucatan,Lesiones,2026,7
Yucatan,Lesiones,2025,9
Jalisco,Lesiones,2024,10
CDMX,Fraude,2024,6
Yucatan,Extorsion,2022,8
CDMX,Homicidio,2020,8
Jalisco,Robo,2020,7
Jalisco,Robo,2025,5
Yucatan,Lesiones,2024,5
Jalisco,Lesiones,2025,4
Jalisco,Homicidio,2023,11
Jalisco,Fraude,2026,11
CDMX,Lesiones,2021,5
Tabasco,Robo,2026,2
Tabasco,Lesiones,2026,7
Veracruz,Lesiones,2024,8
Yucatan,Robo,2023,2
Tabasco,Robo,2023,11
Tabasco,Homicidio,2026,12
Tabasco,Lesiones,2025,3
Tabasco,Homicidio,2023,9
Tabasco,Homicidio,2026,6
CDMX,Fraude,2025,3
Tabasco,Extorsion,2021,3
CDMX,Lesiones,2025,6
Tabasco,Robo,2025,10
CDMX,Extorsion,2025,3
Tabasco,Homicidio,2020,3
Yucatan,Extorsion,2023,7
Tabasco,Fraude,2025,7
Yucatan,Homicidio,2022,12
Veracruz,Robo,2021,3
CDMX,Extorsion,2020,8
CDMX,Lesiones,2025,2
CDMX,Fraude,2024,4
Tabasco,Extorsion,2025,11
CDMX,Extorsion,2022,3
Tabasco,Robo,2022,1
Tabasco,Lesiones,2026,11
Jalisco,Fraude,2025,6
Tabasco,Extorsion,2023,5
CDMX,Extorsion,2022,1
Veracruz,Fraude,2022,1
Tabasco,Lesiones,2021,1
CDMX,Robo,2021,6
CDMX,Fraude,2025,9
Jalisco,Lesiones,2024,2
Veracruz,Fraude,2022,10
Veracruz,Robo,2025,5
Tabasco,Robo,2025,4
Veracruz,Fraude,2024,11
CDMX,Extorsion,2023,8
Veracruz,Fraude,2026,12
Tabasco,Fraude,2025,1
Veracruz,Lesiones,2025,7
Veracruz,Lesiones,2026,12
Tabasco,Extorsion,2021,11
CDMX,Extorsion,2026,5
Yucatan,Robo,2020,6
Yucatan,Extorsion,2023,3
Jalisco,Fraude,2023,2
Tabasco,Robo,2026,10
Tabasco,Robo,2023,11
CDMX,Fraude,2021,9
Jalisco,Fraude,2021,4
Veracruz,Extorsion,2026,5
Jalisco,Robo,2022,5
Veracruz,Lesiones,2024,11
Yucatan,Robo,2020,7
Yucatan,Robo,2023,8
CDMX,Homicidio,2022,8
Veracruz,Fraude,2023,11
Veracruz,Lesiones,2021,10
Tabasco,Lesiones,2026,12
Veracruz,Robo,2022,8
Yucatan,Fraude,2020,3
Yucatan,Fraude,2022,6
Jalisco,Lesiones,2021,11
Yucatan,Robo,2020,8
Veracruz,Fraude,2023,8
Tabasco,Lesiones,2023,1
CDMX,Fraude,2022,1
CDMX,Lesiones,2026,2
Yucatan,Fraude,2024,4
CDMX,Robo,2022,5
Yucatan,Lesiones,2020,4
Veracruz,Robo,2020,5
Yucatan,Extorsion,2024,5
Tabasco,Fraude,2022,11
Veracruz,Robo,2020,10
Tabasco,Extorsion,2020,6
Tabasco,Homicidio,2024,11
Jalisco,Fraude,2025,8
Jalisco,Lesiones,2021,9
Yucatan,Robo,2026,12
Jalisco,Extorsion,2025,4
Veracruz,Robo,2026,2
Yucatan,Lesiones,2021,11
Veracruz,Homicidio,2024,10
CDMX,Extorsion,2022,12
Jalisco,Lesiones,2020,12
Yucatan,Robo,2020,4
Jalisco,Homicidio,2025,12
Jalisco,Robo,2021,3
Yucatan,Robo,2020,11
Veracruz,Lesiones,2020,12
Jalisco,Fraude,2022,12
Jalisco,Lesiones,2020,9
Jalisco,Extorsion,2026,8
Tabasco,Homicidio,2026,9
Veracruz,Homicidio,2022,8
Jalisco,Lesiones,2026,12
CDMX,Lesiones,2024,6
Jalisco,Homicidio,2020,2
CDMX,Lesiones,2025,9
Veracruz,Robo,2024,6
Jalisco,Homicidio,2026,1
Yucatan,Lesiones,2020,3
Veracruz,Extorsion,2022,6
CDMX,Extorsion,2022,8
Yucatan,Extorsion,2024,1
Tabasco,Robo,2021,4
CDMX,Lesiones,2023,7
CDMX,Lesiones,2020,4
CDMX,Homicidio,2023,10
CDMX,Extorsion,2026,1
Jalisco,Homicidio,2025,9
Yucatan,Fraude,2023,6
Yucatan,Robo,2020,2
Jalisco,Lesiones,2024,6
Jalisco,Fraude,2021,3
Tabasco,Robo,2021,9
Yucatan,Homicidio,2025,4
Tabasco,Homicidio,2023,3
Tabasco,Homicidio,2023,9
Yucatan,Fraude,2025,10
Tabasco,Homicidio,2024,5
Yucatan,Fraude,2025,4
Yucatan,Lesiones,2026,10
Yucatan,Homicidio,2026,12
CDMX,Extorsion,2025,11
Jalisco,Extorsion,2021,10
Tabasco,Extorsion,2021,4
CDMX,Homicidio,2020,11
Yucatan,Robo,2020,10
Yucatan,Lesiones,2020,1
Jalisco,Fraude,2023,10
Tabasco,Lesiones,2021,4
Jalisco,Fraude,2025,5
Veracruz,Extorsion,2022,6
Tabasco,Fraude,2023,8
Jalisco,Lesiones,2020,1
Veracruz,Extorsion,2020,2
CDMX,Fraude,2021,9
Jalisco,Extorsion,2026,1
Tabasco,Fraude,2022,9
Jalisco,Lesiones,2025,8
Tabasco,Fraude,2026,3
Jalisco,Homicidio,2021,12
Tabasco,Robo,2024,9
Tabasco,Extorsion,2020,3
CDMX,Homicidio,2026,3
Veracruz,Extorsion,2023,1
Veracruz,Extorsion,2023,4
Jalisco,Extorsion,2021,3
CDMX,Fraude,2023,6
Yucatan,Extorsion,2026,2
Tabasco,Fraude,2022,10
Veracruz,Fraude,2021,3
Jalisco,Robo,2026,6
Veracruz,Extorsion,2026,2
Tabasco,Robo,2023,5
CDMX,Fraude,2021,1
Yucatan,Fraude,2024,9
CDMX,Homicidio,2023,12
Jalisco,Lesiones,2021,7
Tabasco,Extorsion,2026,12
Tabasco,Lesiones,2021,8
Jalisco,Extorsion,2023,5
Tabasco,Fraude,2023,6
Veracruz,Fraude,2020,11
Jalisco,Extorsion,2021,8
CDMX,Fraude,2021,10
Tabasco,Homicidio,2023,10
Yucatan,Robo,2023,10
Yucatan,Lesiones,2024,4
CDMX,Lesiones,2026,9
CDMX,Fraude,2025,8
CDMX,Lesiones,2023,4
Veracruz,Fraude,2020,9
CDMX,Lesiones,2022,6
Veracruz,Extorsion,2022,6
CDMX,Fraude,2022,10
Jalisco,Lesiones,2022,4
CDMX,Robo,2025,9
CDMX,Lesiones,2026,5
Veracruz,Lesiones,2025,7
Tabasco,Fraude,2024,7
CDMX,Fraude,2025,2
Tabasco,Homicidio,2024,11
Veracruz,Robo,2022,3
CDMX,Homicidio,2021,1
Veracruz,Robo,2022,10
Veracruz,Extorsion,2020,7
Yucatan,Extorsion,2021,8
CDMX,Robo,2024,3
CDMX,Extorsion,2026,1
Jalisco,Homicidio,2021,2
Veracruz,Robo,2022,3
Jalisco,Extorsion,2021,10
Tabasco,Homicidio,2024,5
CDMX,Extorsion,2026,8
Jalisco,Robo,2024,11
Jalisco,Extorsion,2022,8
Veracruz,Lesiones,2020,1
Tabasco,Homicidio,2023,4
Jalisco,Extorsion,2024,12
Jalisco,Robo,2023,4
Veracruz,Extorsion,2021,2
Yucatan,Extorsion,2020,5
CDMX,Fraude,2023,4
Jalisco,Extorsion,2026,4
Yucatan,Robo,2026,12
Jalisco,Lesiones,2021,2
Yucatan,Robo,2026,9
CDMX,Extorsion,2022,4
Yucatan,Homicidio,2025,10
Yucatan,Fraude,2021,9
Jalisco,Extorsion,2024,3
Veracruz,Robo,2025,6
Yucatan,Extorsion,2020,10
Veracruz,Robo,2022,7
Tabasco,Homicidio,2025,1
CDMX,Fraude,2023,7
Tabasco,Homicidio,2025,12
Jalisco,Robo,2023,4
Yucatan,Homicidio,2020,7
Veracruz,Extorsion,2023,6
CDMX,Robo,2020,10
Veracruz,Extorsion,2020,7
Tabasco,Robo,2021,10
Yucatan,Robo,2022,7
Yucatan,Fraude,2024,7
Veracruz,Robo,2022,5
Yucatan,Robo,2022,1
Yucatan,Fraude,2023,3
Veracruz,Robo,2022,3
Veracruz,Robo,2023,4
Veracruz,Fraude,2022,7
Yucatan,Robo,2021,1
Veracruz,Homicidio,2025,1
CDMX,Robo,2025,12
Tabasco,Homicidio,2026,6
Veracruz,Robo,2020,8
Veracruz,Fraude,2021,5
Yucatan,Extorsion,2023,5
Tabasco,Extorsion,2026,7
CDMX,Extorsion,2023,2
CDMX,Fraude,2026,5
Jalisco,Fraude,2025,8
CDMX,Fraude,2023,6
Yucatan,Lesiones,2021,5
Jalisco,Extorsion,2024,8
Yucatan,Lesiones,2026,8
Tabasco,Homicidio,2024,1
CDMX,Homicidio,2023,12
Tabasco,Homicidio,2020,12
Jalisco,Robo,2020,7
Jalisco,Robo,2021,6
CDMX,Lesiones,2024,8
Tabasco,Fraude,2026,10
Yucatan,Homicidio,2020,6
Yucatan,Robo,2023,10
Yucatan,Lesiones,2026,10
Veracruz,Lesiones,2023,10
Jalisco,Robo,2021,3
Tabasco,Homicidio,2020,4
Tabasco,Homicidio,2023,9
Veracruz,Fraude,2024,4
CDMX,Robo,2021,9
Jalisco,Homicidio,2023,11
Tabasco,Lesiones,2023,10
Veracruz,Robo,2025,10
CDMX,Extorsion,2022,10
Yucatan,Homicidio,2021,5
Tabasco,Homicidio,2026,7
Veracruz,Lesiones,2024,8
Yucatan,Fraude,2024,5
CDMX,Extorsion,2026,5
CDMX,Extorsion,2023,11
CDMX,Extorsion,2024,11
Veracruz,Lesiones,2025,6
Jalisco,Fraude,2022,6
Yucatan,Homicidio,2026,1
Tabasco,Robo,2026,4
Tabasco,Lesiones,2026,1
CDMX,Fraude,2021,12
Yucatan,Homicidio,2023,11
Jalisco,Homicidio,2024,11
Tabasco,Homicidio,2022,10
Yucatan,Homicidio,2022,9
Tabasco,Homicidio,2026,8
Yucatan,Robo,2022,5
Tabasco,Robo,2025,9
Tabasco,Extorsion,2024,12
Tabasco,Lesiones,2024,9
Jalisco,Robo,2022,9
Jalisco,Extorsion,2025,8
Tabasco,Lesiones,2025,4
Tabasco,Homicidio,2026,4
CDMX,Homicidio,2021,10
Veracruz,Lesiones,2022,1
CDMX,Robo,2022,12
Yucatan,Lesiones,2025,12
CDMX,Extorsion,2025,1
Jalisco,Robo,2026,9
CDMX,Fraude,2022,11
Veracruz,Robo,2026,8
Jalisco,Homicidio,2022,11
Jalisco,Fraude,2023,4
Veracruz,Extorsion,2024,6
Veracruz,Robo,2025,9
Veracruz,Robo,2025,8
CDMX,Extorsion,2025,9
Jalisco,Extorsion,2022,11
Jalisco,Extorsion,2024,4
Veracruz,Fraude,2022,8
Tabasco,Fraude,2021,2
Yucatan,Robo,2023,7
Tabasco,Fraude,2022,5
Tabasco,Robo,2023,10
Yucatan,Homicidio,2020,9
Yucatan,Lesiones,2022,5
CDMX,Robo,2020,3
CDMX,Homicidio,2025,6
Veracruz,Robo,2024,1
Tabasco,Extorsion,2025,8
Veracruz,Robo,2020,7
Jalisco,Fraude,2023,11
CDMX,Lesiones,2023,6
Tabasco,Extorsion,2025,1
Yucatan,Homicidio,2026,2
Veracruz,Homicidio,2025,11
Jalisco,Lesiones,2026,10
Yucatan,Robo,2023,8
Tabasco,Lesiones,2021,6
Yucatan,Robo,2025,10
Jalisco,Robo,2021,10
Yucatan,Extorsion,2022,5
Veracruz,Lesiones,2023,1
Yucatan,Lesiones,2024,5
Yucatan,Homicidio,2022,12
Tabasco,Fraude,2022,4
Tabasco,Fraude,2021,9
CDMX,Fraude,2023,2
Veracruz,Fraude,2021,8
Veracruz,Robo,2022,9
CDMX,Robo,2023,4
Tabasco,Lesiones,2022,6
Jalisco,Homicidio,2022,9
Tabasco,Lesiones,2024,4
Veracruz,Fraude,2024,11
Jalisco,Extorsion,2021,10
CDMX,Lesiones,2023,10
Tabasco,Fraude,2025,7
Veracruz,Lesiones,2024,8
CDMX,Extorsion,2023,9
CDMX,Robo,2023,9
Veracruz,Lesiones,2024,5
Tabasco,Lesiones,2022,2
Jalisco,Lesiones,2021,5
Jalisco,Extorsion,2023,9
Jalisco,Extorsion,2025,7
Veracruz,Extorsion,2026,12
CDMX,Extorsion,2022,8
Veracruz,Homicidio,2025,12
Jalisco,Fraude,2024,8
Veracruz,Homicidio,2022,12
Veracruz,Homicidio,2022,4
Jalisco,Homicidio,2023,1
Tabasco,Lesiones,2022,6
Jalisco,Extorsion,2022,9
CDMX,Lesiones,2020,9
Veracruz,Fraude,2026,3
Yucatan,Lesiones,2022,7
Tabasco,Lesiones,2023,12
Veracruz,Lesiones,2021,9
Yucatan,Homicidio,2020,6
CDMX,Robo,2021,8
Yucatan,Extorsion,2025,1
Tabasco,Lesiones,2026,8
Tabasco,Homicidio,2024,5
Yucatan,Fraude,2026,1
CDMX,Extorsion,2024,10
Jalisco,Robo,2023,10
Yucatan,Robo,2020,7
Veracruz,Homicidio,2026,9
CDMX,Lesiones,2026,2
Jalisco,Robo,2021,5
Tabasco,Homicidio,2022,7
Jalisco,Extorsion,2021,4
Jalisco,Homicidio,2023,10
Yucatan,Lesiones,2022,1
Yucatan,Fraude,2025,6
Jalisco,Fraude,2026,4
Veracruz,Fraude,2026,10
CDMX,Fraude,2025,6
Jalisco,Robo,2020,9
Jalisco,Lesiones,2023,12
Tabasco,Robo,2025,10
CDMX,Fraude,2025,8
Jalisco,Extorsion,2024,1
Veracruz,Fraude,2020,7
Jalisco,Homicidio,2024,11
CDMX,Fraude,2020,9
CDMX,Lesiones,2026,5
Jalisco,Lesiones,2021,6
Jalisco,Fraude,2025,9
Yucatan,Robo,2026,4
Yucatan,Extorsion,2023,2
Veracruz,Fraude,2023,6
Veracruz,Extorsion,2023,3
Yucatan,Fraude,2024,7
Jalisco,Robo,2020,11
Tabasco,Homicidio,2025,4
Jalisco,Lesiones,2021,9
CDMX,Homicidio,2022,9
CDMX,Lesiones,2022,9
Yucatan,Extorsion,2021,9
Jalisco,Homicidio,2020,1
CDMX,Fraude,2024,8
Yucatan,Homicidio,2022,8
Tabasco,Fraude,2021,12
Veracruz,Fraude,2023,3
CDMX,Extorsion,2022,11
Tabasco,Fraude,2024,6
CDMX,Lesiones,2024,6
Yucatan,Extorsion,2026,7
Yucatan,Extorsion,2024,8
Veracruz,Extorsion,2026,6
Yucatan,Robo,2021,7
CDMX,Homicidio,2026,3
CDMX,Homicidio,2024,11
Jalisco,Lesiones,2020,7
CDMX,Homicidio,2022,2
Yucatan,Fraude,2025,8
Yucatan,Fraude,2026,4
Veracruz,Fraude,2026,7
CDMX,Fraude,2023,4
Veracruz,Lesiones,2022,1
Tabasco,Extorsion,2026,11
Yucatan,Homicidio,2024,4
Veracruz,Lesiones,2026,7
Tabasco,Fraude,2026,1
CDMX,Lesiones,2026,1
Jalisco,Extorsion,2025,2
Tabasco,Homicidio,2024,8
CDMX,Robo,2024,5
Jalisco,Robo,2026,11
CDMX,Robo,2025,3
CDMX,Fraude,2020,8
CDMX,Lesiones,2025,7
CDMX,Homicidio,2022,4
Yucatan,Fraude,2026,8
Tabasco,Lesiones,2020,5
Tabasco,Fraude,2023,12
Veracruz,Homicidio,2023,12
CDMX,Homicidio,2021,1
CDMX,Fraude,2025,6
Jalisco,Homicidio,2025,1
Yucatan,Lesiones,2025,11
Yucatan,Fraude,2024,10
CDMX,Extorsion,2025,8
Jalisco,Robo,2020,8
CDMX,Homicidio,2022,3
Yucatan,Extorsion,2023,11
Veracruz,Extorsion,2025,10
Veracruz,Lesiones,2026,12
Tabasco,Robo,2025,2
Tabasco,Extorsion,2025,5
Veracruz,Homicidio,2021,2
CDMX,Lesiones,2023,5
Tabasco,Fraude,2025,2
Jalisco,Robo,2020,8
Veracruz,Homicidio,2023,1
Jalisco,Robo,2021,4
Veracruz,Homicidio,2025,10
CDMX,Lesiones,2022,10
CDMX,Homicidio,2023,6
Veracruz,Homicidio,2023,4
Tabasco,Fraude,2021,5
CDMX,Homicidio,2020,3
Jalisco,Extorsion,2026,8
Tabasco,Lesiones,2025,6
CDMX,Extorsion,2021,9
Jalisco,Fraude,2026,5
Yucatan,Homicidio,2025,9
Veracruz,Fraude,2024,5
CDMX,Extorsion,2020,6
Jalisco,Lesiones,2025,3
Jalisco,Lesiones,2024,4
CDMX,Extorsion,2026,2
Tabasco,Robo,2026,2
Yucatan,Extorsion,2022,11
Tabasco,Extorsion,2024,8
Tabasco,Homicidio,2023,5
Tabasco,Homicidio,2026,5
CDMX,Fraude,2020,11
Veracruz,Fraude,2021,10
CDMX,Extorsion,2023,3
Yucatan,Extorsion,2020,4
Veracruz,Homicidio,2020,4
Jalisco,Homicidio,2020,3
Tabasco,Homicidio,2023,1
CDMX,Robo,2025,5
Tabasco,Extorsion,2021,11
Jalisco,Lesiones,2025,1
Yucatan,Robo,2022,3
CDMX,Fraude,2022,5
Veracruz,Fraude,2024,10
CDMX,Homicidio,2021,9
Veracruz,Homicidio,2021,7
CDMX,Robo,2025,5
Tabasco,Fraude,2020,9
CDMX,Extorsion,2024,1
Veracruz,Fraude,2022,3
Yucatan,Homicidio,2022,10
CDMX,Homicidio,2022,11
Yucatan,Fraude,2022,1
CDMX,Lesiones,2022,10
Yucatan,Lesiones,2021,12
Tabasco,Fraude,2021,1
Tabasco,Extorsion,2024,10
Veracruz,Homicidio,2024,6
CDMX,Lesiones,2021,5
Jalisco,Lesiones,2024,3
Tabasco,Homicidio,2020,6
Veracruz,Robo,2026,5
CDMX,Robo,2021,11
Veracruz,Lesiones,2023,1
Tabasco,Lesiones,2023,2
Yucatan,Lesiones,2025,2
Veracruz,Fraude,2026,9
CDMX,Robo,2023,6
Yucatan,Fraude,2023,5
Jalisco,Robo,2022,11
CDMX,Robo,2022,3
Yucatan,Lesiones,2026,2
Jalisco,Extorsion,2026,2
Veracruz,Fraude,2023,3
CDMX,Homicidio,2024,11
CDMX,Homicidio,2025,5
Tabasco,Extorsion,2021,7
Veracruz,Fraude,2020,12
Tabasco,Extorsion,2025,3
CDMX,Homicidio,2025,9
Tabasco,Lesiones,2023,2
CDMX,Fraude,2025,11
Tabasco,Homicidio,2021,3
Tabasco,Lesiones,2024,7
Yucatan,Robo,2023,5
Tabasco,Robo,2026,10
Yucatan,Extorsion,2026,2
Tabasco,Fraude,2021,6
Jalisco,Lesiones,2020,9
CDMX,Homicidio,2022,8
Tabasco,Extorsion,2021,12
CDMX,Lesiones,2024,1
Yucatan,Homicidio,2022,9
Tabasco,Extorsion,2020,9
Veracruz,Robo,2023,10
Jalisco,Lesiones,2024,3
Veracruz,Lesiones,2025,7
Veracruz,Robo,2021,12
Veracruz,Fraude,2024,1
Veracruz,Extorsion,2025,5
Tabasco,Fraude,2022,12
Tabasco,Extorsion,2020,1
Tabasco,Extorsion,2022,3
Jalisco,Fraude,2026,8
CDMX,Robo,2022,11
CDMX,Homicidio,2024,9
Jalisco,Lesiones,2026,4
Jalisco,Robo,2022,1
CDMX,Homicidio,2021,10
Yucatan,Extorsion,2022,11
Tabasco,Homicidio,2021,7
Yucatan,Lesiones,2020,2
Veracruz,Extorsion,2021,2
CDMX,Robo,2023,6
Veracruz,Lesiones,2023,7
Veracruz,Extorsion,2023,1
CDMX,Robo,2020,8
Tabasco,Lesiones,2023,4
Tabasco,Homicidio,2026,1
Jalisco,Extorsion,2022,9
Jalisco,Lesiones,2021,12
Tabasco,Robo,2024,5
Yucatan,Fraude,2025,7
Veracruz,Homicidio,2025,4
Jalisco,Robo,2021,6
Tabasco,Lesiones,2024,7
Jalisco,Fraude,2026,1
CDMX,Robo,2021,3
Jalisco,Extorsion,2026,4
Veracruz,Fraude,2026,7
Yucatan,Robo,2022,7
Veracruz,Lesiones,2021,8
CDMX,Extorsion,2026,1
CDMX,Extorsion,2021,5
Veracruz,Fraude,2021,12
Yucatan,Homicidio,2020,1
Veracruz,Robo,2024,11
Tabasco,Extorsion,2021,5
Yucatan,Homicidio,2026,3
Yucatan,Robo,2023,1
Veracruz,Lesiones,2022,10
Tabasco,Homicidio,2025,9
CDMX,Extorsion,2025,10
CDMX,Robo,2020,3
Veracruz,Homicidio,2025,4
Tabasco,Robo,2021,10
Veracruz,Robo,2021,10
Yucatan,Robo,2023,11
Yucatan,Extorsion,2025,5
Veracruz,Extorsion,2026,3
Veracruz,Homicidio,2023,12
Yucatan,Lesiones,2026,6
Tabasco,Homicidio,2023,5
CDMX,Robo,2021,1
Yucatan,Lesiones,2024,8
Veracruz,Extorsion,2023,6
CDMX,Fraude,2024,5
CDMX,Lesiones,2026,1
Tabasco,Extorsion,2024,11
Veracruz,Homicidio,2021,7
Tabasco,Lesiones,2025,9
Jalisco,Fraude,2024,12
Yucatan,Homicidio,2022,2
Tabasco,Lesiones,2026,4
Tabasco,Homicidio,2020,3
CDMX,Lesiones,2020,9
Jalisco,Homicidio,2021,5
Veracruz,Lesiones,2020,6
Jalisco,Lesiones,2024,8
Tabasco,Lesiones,2024,6
Yucatan,Robo,2025,12
CDMX,Robo,2024,7
Tabasco,Robo,2025,7
Jalisco,Extorsion,2023,4
CDMX,Lesiones,2022,9
Yucatan,Homicidio,2020,3
Yucatan,Lesiones,2021,9
Veracruz,Homicidio,2020,2
Jalisco,Robo,2026,1
Veracruz,Robo,2025,1
CDMX,Fraude,2024,4
Veracruz,Fraude,2022,3
Jalisco,Homicidio,2024,1
Yucatan,Lesiones,2021,12
Jalisco,Lesiones,2020,1
Jalisco,Robo,2023,10
Tabasco,Lesiones,2021,11
Yucatan,Robo,2024,4
Yucatan,Extorsion,2026,6
Jalisco,Extorsion,2022,5
Veracruz,Extorsion,2020,11
CDMX,Homicidio,2020,6
Tabasco,Homicidio,2026,10
CDMX,Lesiones,2022,3
Veracruz,Extorsion,2023,3
CDMX,Lesiones,2022,8
Tabasco,Homicidio,2023,7
Tabasco,Lesiones,2026,11
Jalisco,Fraude,2020,7
Yucatan,Lesiones,2024,11
Yucatan,Fraude,2023,3
Yucatan,Homicidio,2020,2
Jalisco,Homicidio,2023,4
Veracruz,Extorsion,2020,2
CDMX,Robo,2026,11
Veracruz,Robo,2021,12
Yucatan,Robo,2022,5
Jalisco,Homicidio,2021,9
Jalisco,Lesiones,2020,8
Yucatan,Robo,2021,9
Tabasco,Homicidio,2021,5
Tabasco,Homicidio,2026,10
Jalisco,Homicidio,2026,7
Jalisco,Extorsion,2021,3
Veracruz,Fraude,2021,4
Jalisco,Homicidio,2020,1
Jalisco,Robo,2026,1
Tabasco,Fraude,2021,7
Yucatan,Lesiones,2023,6
Jalisco,Fraude,2021,6
Tabasco,Fraude,2026,5
Veracruz,Robo,2023,5
Jalisco,Lesiones,2024,2
Tabasco,Fraude,2022,11
Yucatan,Lesiones,2022,5
CDMX,Lesiones,2021,10
Jalisco,Fraude,2020,8
Veracruz,Robo,2023,10
Yucatan,Homicidio,2025,4
Tabasco,Robo,2024,9
CDMX,Extorsion,2022,4
CDMX,Fraude,2026,4
CDMX,Extorsion,2021,7
Tabasco,Robo,2022,10
Tabasco,Lesiones,2024,6
Veracruz,Robo,2024,4
CDMX,Homicidio,2026,2
Yucatan,Fraude,2022,12
Veracruz,Extorsion,2020,8
Tabasco,Robo,2023,6
CDMX,Fraude,2021,5
CDMX,Robo,2026,7
CDMX,Extorsion,2025,1
Tabasco,Robo,2026,6
CDMX,Extorsion,2025,3
Yucatan,Fraude,2021,4
Tabasco,Fraude,2021,5
Yucatan,Lesiones,2021,2
Jalisco,Extorsion,2026,1
Tabasco,Lesiones,2026,1
Tabasco,Extorsion,2021,6
Veracruz,Robo,2022,2
Tabasco,Fraude,2020,8
Tabasco,Lesiones,2026,6
Veracruz,Robo,2022,5
Tabasco,Lesiones,2023,7
CDMX,Robo,2025,2
Yucatan,Homicidio,2024,3
Veracruz,Robo,2021,6
CDMX,Homicidio,2022,1
CDMX,Lesiones,2025,3
CDMX,Homicidio,2025,12
CDMX,Fraude,2024,1
Yucatan,Lesiones,2023,10
Veracruz,Robo,2021,4
Veracruz,Robo,2022,9
Yucatan,Robo,2024,7
Veracruz,Fraude,2026,10
Jalisco,Lesiones,2023,6
Veracruz,Lesiones,2024,4
Jalisco,Robo,2020,5
Veracruz,Lesiones,2020,1
Tabasco,Fraude,2021,8
CDMX,Extorsion,2020,3
CDMX,Robo,2020,11
Yucatan,Fraude,2024,7
CDMX,Robo,2025,3
Jalisco,Lesiones,2024,3
Veracruz,Robo,2020,5
Yucatan,Extorsion,2022,1
Veracruz,Fraude,2020,3
CDMX,Homicidio,2023,7
Yucatan,Extorsion,2021,6
Yucatan,Robo,2024,8
Tabasco,Fraude,2021,12
CDMX,Extorsion,2022,8
Yucatan,Lesiones,2025,11
CDMX,Homicidio,2023,2
Veracruz,Robo,2021,10
Tabasco,Robo,2024,2
Jalisco,Lesiones,2020,4
Jalisco,Homicidio,2026,1
Yucatan,Robo,2021,3
Tabasco,Extorsion,2023,4
CDMX,Robo,2022,9
Tabasco,Homicidio,2022,7
Jalisco,Homicidio,2025,3
CDMX,Lesiones,2024,2
Yucatan,Homicidio,2023,4
CDMX,Extorsion,2024,7
CDMX,Robo,2020,10
Yucatan,Extorsion,2024,2
CDMX,Fraude,2021,5
Tabasco,Robo,2021,1
CDMX,Lesiones,2025,5
Veracruz,Lesiones,2025,9
CDMX,Fraude,2023,12
Tabasco,Fraude,2023,1
Tabasco,Robo,2022,8
Veracruz,Homicidio,2021,8
Veracruz,Extorsion,2024,2
Jalisco,Lesiones,2026,9
Yucatan,Robo,2025,1
Jalisco,Lesiones,2021,9
Jalisco,Homicidio,2023,1
CDMX,Lesiones,2025,11
Yucatan,Fraude,2021,9
Yucatan,Robo,2022,4
Jalisco,Lesiones,2020,11
Veracruz,Robo,2022,9
Jalisco,Extorsion,2026,7
Tabasco,Extorsion,2024,6
Tabasco,Lesiones,2020,10
Tabasco,Lesiones,2021,5
Yucatan,Homicidio,2023,5
CDMX,Homicidio,2022,3
Yucatan,Lesiones,2022,7
CDMX,Fraude,2021,3
Tabasco,Homicidio,2022,11
Yucatan,Fraude,2025,5
Veracruz,Homicidio,2021,8
Veracruz,Homicidio,2025,2
CDMX,Fraude,2022,4
Veracruz,Fraude,2021,10
Veracruz,Lesiones,2023,3
Jalisco,Homicidio,2022,12
CDMX,Homicidio,2026,4
Jalisco,Fraude,2025,9
Yucatan,Lesiones,2020,3
Veracruz,Fraude,2023,3
Veracruz,Fraude,2022,5
Tabasco,Homicidio,2023,3
Tabasco,Fraude,2024,4
Jalisco,Lesiones,2021,1
Tabasco,Robo,2024,11
CDMX,Lesiones,2020,2
Veracruz,Robo,2020,3
Jalisco,Homicidio,2024,4
CDMX,Fraude,2020,8
Jalisco,Lesiones,2024,3
CDMX,Homicidio,2023,9
CDMX,Homicidio,2020,11
CDMX,Extorsion,2025,8
CDMX,Robo,2023,2
Tabasco,Homicidio,2024,3
Jalisco,Lesiones,2020,6
Veracruz,Robo,2022,7
Tabasco,Homicidio,2020,4
Jalisco,Fraude,2020,6
Tabasco,Lesiones,2023,4
Jalisco,Extorsion,2022,4
Veracruz,Fraude,2026,11
Yucatan,Lesiones,2022,10
Jalisco,Fraude,2026,8
Veracruz,Lesiones,2024,2
CDMX,Lesiones,2026,10
Yucatan,Extorsion,2020,12
Yucatan,Fraude,2025,11
Yucatan,Extorsion,2021,8
Jalisco,Fraude,2021,5
Yucatan,Robo,2022,10
CDMX,Robo,2022,6
Tabasco,Robo,2021,2
Tabasco,Fraude,2021,5
Jalisco,Robo,2021,11
Jalisco,Homicidio,2026,3
Jalisco,Lesiones,2020,4
Jalisco,Extorsion,2025,12
Jalisco,Extorsion,2025,9
CDMX,Homicidio,2022,7
Yucatan,Homicidio,2025,10
CDMX,Robo,2022,1
Jalisco,Extorsion,2025,1
CDMX,Homicidio,2024,1
Veracruz,Lesiones,2023,12
Jalisco,Homicidio,2020,1
CDMX,Robo,2026,5
Veracruz,Robo,2026,4
Jalisco,Extorsion,2020,1
Veracruz,Lesiones,2021,1
Tabasco,Lesiones,2024,5
Yucatan,Homicidio,2025,8
Yucatan,Robo,2022,7
Yucatan,Lesiones,2025,1
Yucatan,Fraude,2024,7
Yucatan,Extorsion,2025,2
Tabasco,Extorsion,2025,1
Yucatan,Homicidio,2024,2
CDMX,Lesiones,2024,2
Jalisco,Robo,2020,12
CDMX,Robo,2023,9
Jalisco,Lesiones,2021,10
CDMX,Fraude,2021,2
Jalisco,Homicidio,2024,5
Veracruz,Lesiones,2022,3
Veracruz,Fraude,2024,6
Yucatan,Extorsion,2024,1
Tabasco,Extorsion,2023,7
CDMX,Lesiones,2024,3
